{
  "manifest": {
    "publishingInformation": {
      "locales": {
        "pt-BR": {
          "examplePhrases": [
            "Alexa lance Agendador de Consultas",
            "Alexa inicie Agendador de Consultas",
            "Este skill foi criado utilizando o template Agendador de Consulta."
          ],
          "name": "consultar",
          "smallIconUri": "file://assets/images/pt-BR_smallIconUri.png",
          "largeIconUri": "file://assets/images/pt-BR_largeIconUri.png"
        }
      }
    },
    "apis": {
      "custom": {
        "endpoint": {
          "uri": "arn:aws:lambda:us-east-1:378641835745:function:f88bbc77-1527-45cd-a7c2-596392f68cda:Release_0"
        },
        "interfaces": [],
        "regions": {
          "EU": {
            "endpoint": {
              "uri": "arn:aws:lambda:eu-west-1:378641835745:function:f88bbc77-1527-45cd-a7c2-596392f68cda:Release_0"
            }
          },
          "NA": {
            "endpoint": {
              "uri": "arn:aws:lambda:us-east-1:378641835745:function:f88bbc77-1527-45cd-a7c2-596392f68cda:Release_0"
            }
          },
          "FE": {
            "endpoint": {
              "uri": "arn:aws:lambda:us-west-2:378641835745:function:f88bbc77-1527-45cd-a7c2-596392f68cda:Release_0"
            }
          }
        }
      }
    },
    "manifestVersion": "1.0",
    "permissions": [
      {
        "name": "alexa::profile:name:read"
      },
      {
        "name": "alexa::profile:email:read"
      },
      {
        "name": "alexa::profile:mobile_number:read"
      }
    ]
  }
}